{"cameraMode":{"drawMode":0,"name":"Shaded","section":"Shading Mode"},"sceneLighting":true,"audioPlay":false,"sceneViewState":{"showFog":true,"showMaterialUpdate":false,"showSkybox":true,"showFlares":true,"showImageEffects":true,"showParticleSystems":true},"in2DMode":false,"pivot":{"x":-5.1341328620910648,"y":20.742961883544923,"z":78.15357971191406},"rotation":{"x":-0.048285920172929767,"y":-0.014385840855538845,"z":0.000695522699970752,"w":-0.9987292885780335},"size":75.10987091064453,"orthographic":false}