{"cameraMode":{"drawMode":0,"name":"Shaded","section":"Shading Mode"},"sceneLighting":true,"audioPlay":false,"sceneViewState":{"showFog":true,"showMaterialUpdate":false,"showSkybox":true,"showFlares":true,"showImageEffects":true,"showParticleSystems":true},"in2DMode":false,"pivot":{"x":-8.884927749633789,"y":24.288482666015626,"z":11.071453094482422},"rotation":{"x":-0.039255231618881229,"y":-0.04734839126467705,"z":0.001862223376519978,"w":-0.9981057643890381},"size":38.885440826416019,"orthographic":false}