{"cameraMode":{"drawMode":0,"name":"Shaded","section":"Shading Mode"},"sceneLighting":true,"audioPlay":false,"sceneViewState":{"showFog":true,"showMaterialUpdate":true,"showSkybox":true,"showFlares":true,"showImageEffects":true,"showParticleSystems":true},"in2DMode":false,"pivot":{"x":-11.565624237060547,"y":22.357036590576173,"z":6.377235412597656},"rotation":{"x":0.03596042841672897,"y":0.04196060448884964,"z":-0.0015112577239051462,"w":0.9984720349311829},"size":34.66227340698242,"orthographic":false}