{"cameraMode":{"drawMode":0,"name":"Shaded","section":"Shading Mode"},"sceneLighting":false,"audioPlay":false,"sceneViewState":{"showFog":true,"showMaterialUpdate":true,"showSkybox":false,"showFlares":true,"showImageEffects":true,"showParticleSystems":true},"in2DMode":false,"pivot":{"x":49.599998474121097,"y":5.400000095367432,"z":0.0},"rotation":{"x":0.03596042841672897,"y":0.04196060448884964,"z":-0.0015112577239051462,"w":0.9984720349311829},"size":7.6845173835754398,"orthographic":false}